Species,chao,chao.se,jack1,jack1.se,jack2,boot,boot.se,n,S.I._Mean,S.I._SD,Spc.Num_Mean,Spc.Num_SD,Pielous_J_mean,Pielous_J_SD
,,,,,,,,,1.2158166351426893,0.44362626642713615,5.786324786324786,2.6288487706830383,0.7322248790060002,0.14860517641245513
,,,,,,,,,1.3467968891024074,0.33080443049209546,6.2745098039215685,1.9199673199833172,0.7502016679428025,0.12400499905527082
,,,,,,,,,1.1423999605745492,0.4044583757070327,4.964285714285714,1.897024327387843,0.746940662728572,0.17652411753909805
,,,,,,,,,1.3850892101629078,0.4756854886972961,7.330882352941177,2.7434910095332876,0.7127108098794691,0.18709433213806173
,,,,,,,,,1.3491228512886357,0.42584691032944944,6.482758620689655,2.332091929285794,0.7416416965035938,0.15361275529049118
